badges as b,users as u#b.UserId=u.Id#u.UpVotes,>=,0#79851
comments as c,badges as b#c.UserId=b.UserId#c.Score,=,0,b.Date,<=,CAST('2014-09-11 14:33:06' AS DATETIME)#10220614
comments as c,postHistory as ph#c.UserId=ph.UserId#c.Score,=,0,ph.PostHistoryTypeId,=,1#1458075
comments as c,postHistory as ph#c.UserId=ph.UserId#ph.PostHistoryTypeId,=,1,ph.CreationDate,>=,CAST('2010-09-14 11:59:07' AS DATETIME)#1709781
comments as c,votes as v#c.UserId=v.UserId#c.Score,=,0#7491903
badges as b,posts as p#b.UserId=p.OwnerUserId#b.Date,<=,CAST('2014-09-11 08:55:52' AS DATETIME),p.AnswerCount,>=,0,p.AnswerCount,<=,4,p.CommentCount,>=,0,p.CommentCount,<=,17#428612
comments as c,posts as p,postLinks as pl#c.UserId=p.OwnerUserId,p.Id=pl.PostId#p.CommentCount,<=,18,p.CreationDate,>=,CAST('2010-07-23 07:27:31' AS DATETIME),p.CreationDate,<=,CAST('2014-09-09 01:43:00' AS DATETIME)#699302
comments as c,posts as p,postLinks as pl#c.UserId=p.OwnerUserId,p.Id=pl.PostId#c.Score,=,0,p.CreationDate,>=,CAST('2010-09-06 00:58:21' AS DATETIME),p.CreationDate,<=,CAST('2014-09-12 10:02:21' AS DATETIME),pl.LinkTypeId,=,1,pl.CreationDate,>=,CAST('2011-07-09 22:35:44' AS DATETIME)#481420
comments as c,posts as p,postHistory as ph#p.Id=c.PostId,p.Id=ph.PostId#p.CommentCount,>=,0,p.CommentCount,<=,25#698213
comments as c,posts as p,users as u#c.UserId=u.Id,u.Id=p.OwnerUserId#c.CreationDate,>=,CAST('2010-08-05 00:36:02' AS DATETIME),c.CreationDate,<=,CAST('2014-09-08 16:50:49' AS DATETIME),p.ViewCount,>=,0,p.ViewCount,<=,2897,p.CommentCount,>=,0,p.CommentCount,<=,16,p.FavoriteCount,>=,0,p.FavoriteCount,<=,10#780683
comments as c,posts as p,users as u#c.UserId=u.Id,u.Id=p.OwnerUserId#c.Score,=,0,p.Score,>=,0,p.Score,<=,15,p.ViewCount,>=,0,p.ViewCount,<=,3002,p.AnswerCount,<=,3,p.CommentCount,<=,10,u.DownVotes,<=,0,u.UpVotes,>=,0,u.CreationDate,>=,CAST('2010-08-23 16:21:10' AS DATETIME),u.CreationDate,<=,CAST('2014-09-02 09:50:06' AS DATETIME)#326559
comments as c,postHistory as ph,users as u#u.Id=c.UserId,c.UserId=ph.UserId#u.Reputation,>=,1,u.Reputation,<=,487,u.UpVotes,<=,27,u.CreationDate,>=,CAST('2010-10-22 22:40:35' AS DATETIME),u.CreationDate,<=,CAST('2014-09-10 17:01:31' AS DATETIME)#1018612
comments as c,votes as v,users as u#u.Id=c.UserId,u.Id=v.UserId#c.CreationDate,>=,CAST('2010-08-10 17:55:45' AS DATETIME),u.Reputation,>=,1,u.Reputation,<=,691#315516
comments as c,votes as v,users as u#u.Id=c.UserId,u.Id=v.UserId#c.CreationDate,>=,CAST('2010-10-01 20:45:26' AS DATETIME),c.CreationDate,<=,CAST('2014-09-05 12:51:17' AS DATETIME),v.BountyAmount,<=,100,u.UpVotes,=,0,u.CreationDate,<=,CAST('2014-09-12 03:25:34' AS DATETIME)#200
comments as c,badges as b,users as u#u.Id=c.UserId,c.UserId=b.UserId#c.Score,=,0,c.CreationDate,>=,CAST('2010-07-24 06:46:49' AS DATETIME),b.Date,>=,CAST('2010-07-19 20:34:06' AS DATETIME),b.Date,<=,CAST('2014-09-12 15:11:36' AS DATETIME),u.UpVotes,>=,0#10223864
comments as c,badges as b,users as u#u.Id=c.UserId,c.UserId=b.UserId#c.Score,=,0,b.Date,>=,CAST('2010-07-19 20:54:06' AS DATETIME),u.DownVotes,>=,0,u.UpVotes,>=,0,u.UpVotes,<=,17,u.CreationDate,>=,CAST('2010-08-06 07:03:05' AS DATETIME),u.CreationDate,<=,CAST('2014-09-08 04:18:44' AS DATETIME)#245567
posts as p,tags as t,votes as v#p.Id=t.ExcerptPostId,p.OwnerUserId=v.UserId#p.CreationDate,>=,CAST('2010-07-20 02:01:05' AS DATETIME)#70752
posts as p,postLinks as pl,postHistory as ph#p.Id=pl.PostId,pl.PostId=ph.PostId#p.CreationDate,>=,CAST('2010-07-19 20:08:37' AS DATETIME),ph.CreationDate,>=,CAST('2010-07-20 00:30:00' AS DATETIME)#63500
posts as p,postLinks as pl,users as u#p.Id=pl.PostId,p.OwnerUserId=u.Id#p.CommentCount,<=,17,u.CreationDate,<=,CAST('2014-09-12 07:12:16' AS DATETIME)#10895
postHistory as ph,posts as p,users as u#ph.PostId=p.Id,p.OwnerUserId=u.Id#ph.CreationDate,<=,CAST('2014-08-17 21:24:11' AS DATETIME),p.CreationDate,>=,CAST('2010-07-26 19:26:37' AS DATETIME),p.CreationDate,<=,CAST('2014-08-22 14:43:39' AS DATETIME),u.Reputation,>=,1,u.Reputation,<=,6524,u.Views,>=,0#251068
votes as v,posts as p,users as u#v.PostId=p.Id,v.UserId=u.Id#v.CreationDate,<=,CAST('2014-09-12 00:00:00' AS DATETIME),p.Score,>=,-1,p.CreationDate,>=,CAST('2010-10-21 13:21:24' AS DATETIME),p.CreationDate,<=,CAST('2014-09-09 15:12:22' AS DATETIME),u.UpVotes,>=,0,u.CreationDate,>=,CAST('2010-07-27 17:15:57' AS DATETIME),u.CreationDate,<=,CAST('2014-09-03 12:47:42' AS DATETIME)#26836
votes as v,posts as p,users as u#v.UserId=p.OwnerUserId,p.OwnerUserId=u.Id#p.CommentCount,>=,0,p.CommentCount,<=,12,u.CreationDate,>=,CAST('2010-07-22 04:38:06' AS DATETIME),u.CreationDate,<=,CAST('2014-09-08 15:55:02' AS DATETIME)#2488080
votes as v,badges as b,users as u#u.Id=v.UserId,v.UserId=b.UserId#u.DownVotes,>=,0,u.DownVotes,<=,0#144017
votes as v,badges as b,users as u#u.Id=v.UserId,v.UserId=b.UserId#v.BountyAmount,>=,0,v.BountyAmount,<=,50,u.DownVotes,=,0#4582
comments as c,posts as p,postLinks as pl,votes as v#p.Id=c.PostId,c.PostId=pl.PostId,pl.PostId=v.PostId#c.CreationDate,>=,CAST('2010-08-02 23:52:10' AS DATETIME),p.Score,>=,-3,v.VoteTypeId,=,2,v.CreationDate,<=,CAST('2014-09-12 00:00:00' AS DATETIME)#176191
comments as c,posts as p,postLinks as pl,users as u#p.Id=c.PostId,p.Id=pl.RelatedPostId,p.OwnerUserId=u.Id#c.CreationDate,>=,CAST('2010-07-21 11:05:37' AS DATETIME),c.CreationDate,<=,CAST('2014-08-25 17:59:25' AS DATETIME),u.UpVotes,>=,0,u.CreationDate,>=,CAST('2010-08-21 21:27:38' AS DATETIME)#25033
comments as c,posts as p,votes as v,users as u#u.Id=c.UserId,u.Id=p.OwnerUserId,u.Id=v.UserId#c.Score,=,0,c.CreationDate,<=,CAST('2014-09-13 20:12:15' AS DATETIME),p.CreationDate,>=,CAST('2010-07-27 01:51:15' AS DATETIME),v.BountyAmount,<=,50,v.CreationDate,<=,CAST('2014-09-12 00:00:00' AS DATETIME),u.UpVotes,>=,0,u.UpVotes,<=,12,u.CreationDate,>=,CAST('2010-07-19 19:09:39' AS DATETIME)#42036
votes as v,posts as p,badges as b,users as u#p.Id=v.PostId,u.Id=p.OwnerUserId,u.Id=b.UserId#p.Score,<=,22,u.Reputation,>=,1#16049150
votes as v,posts as p,badges as b,users as u#p.Id=v.PostId,u.Id=p.OwnerUserId,u.Id=b.UserId#v.CreationDate,<=,CAST('2014-09-12 00:00:00' AS DATETIME),p.PostTypeId,=,1,p.Score,>=,-1,p.FavoriteCount,>=,0,p.FavoriteCount,<=,20,b.Date,>=,CAST('2010-07-20 19:02:22' AS DATETIME),b.Date,<=,CAST('2014-09-03 23:36:09' AS DATETIME),u.DownVotes,<=,2,u.UpVotes,>=,0,u.CreationDate,>=,CAST('2010-11-26 03:34:11' AS DATETIME)#595820
votes as v,posts as p,badges as b,users as u#u.Id=v.UserId,u.Id=p.OwnerUserId,u.Id=b.UserId#p.Score,>=,0,p.Score,<=,30,p.CommentCount,=,0,p.CreationDate,>=,CAST('2010-07-27 15:30:31' AS DATETIME),p.CreationDate,<=,CAST('2014-09-04 17:45:10' AS DATETIME)#232039659
votes as v,posts as p,badges as b,users as u#u.Id=v.UserId,u.Id=p.OwnerUserId,u.Id=b.UserId#v.CreationDate,<=,CAST('2014-09-06 00:00:00' AS DATETIME),p.Score,<=,48,p.AnswerCount,<=,8,b.Date,>=,CAST('2011-01-03 20:50:19' AS DATETIME),b.Date,<=,CAST('2014-09-02 15:35:07' AS DATETIME),u.CreationDate,>=,CAST('2010-11-16 06:03:04' AS DATETIME)#6672465
comments as c,postHistory as ph,votes as v,users as u#u.Id=v.UserId,v.UserId=ph.UserId,ph.UserId=c.UserId#c.CreationDate,>=,CAST('2010-08-12 20:33:46' AS DATETIME),c.CreationDate,<=,CAST('2014-09-13 19:26:55' AS DATETIME),ph.CreationDate,>=,CAST('2011-04-11 14:46:09' AS DATETIME),ph.CreationDate,<=,CAST('2014-08-17 16:37:23' AS DATETIME),v.CreationDate,>=,CAST('2010-07-26 00:00:00' AS DATETIME),v.CreationDate,<=,CAST('2014-09-12 00:00:00' AS DATETIME),u.Views,>=,0,u.Views,<=,783,u.DownVotes,>=,0,u.DownVotes,<=,1,u.UpVotes,<=,123#19402569
comments as c,postHistory as ph,votes as v,users as u#u.Id=v.UserId,v.UserId=ph.UserId,ph.UserId=c.UserId#v.BountyAmount,>=,0,v.CreationDate,>=,CAST('2010-07-26 00:00:00' AS DATETIME),v.CreationDate,<=,CAST('2014-09-08 00:00:00' AS DATETIME),u.Reputation,>=,1,u.Views,>=,0,u.Views,<=,110,u.UpVotes,=,0,u.CreationDate,>=,CAST('2010-07-28 19:29:11' AS DATETIME),u.CreationDate,<=,CAST('2014-08-14 05:29:30' AS DATETIME)#6299
comments as c,votes as v,badges as b,users as u#u.Id=c.UserId,u.Id=v.UserId,u.Id=b.UserId#c.Score,=,1,c.CreationDate,>=,CAST('2010-07-20 23:17:28' AS DATETIME),u.CreationDate,>=,CAST('2010-07-20 01:27:29' AS DATETIME)#593169291
comments as c,votes as v,badges as b,users as u#u.Id=c.UserId,u.Id=v.UserId,u.Id=b.UserId#c.Score,=,0,v.BountyAmount,>=,0,v.CreationDate,<=,CAST('2014-09-11 00:00:00' AS DATETIME),u.DownVotes,<=,57,u.CreationDate,>=,CAST('2010-08-26 09:01:31' AS DATETIME),u.CreationDate,<=,CAST('2014-08-10 11:01:39' AS DATETIME)#3169724
comments as c,votes as v,badges as b,users as u#u.Id=c.UserId,u.Id=v.UserId,u.Id=b.UserId#c.Score,=,0,v.BountyAmount,>=,0,v.BountyAmount,<=,300,v.CreationDate,>=,CAST('2010-07-29 00:00:00' AS DATETIME),u.UpVotes,>=,0,u.UpVotes,<=,18#52313
comments as c,postLinks as pl,postHistory as ph,votes as v#pl.PostId=c.PostId,c.PostId=ph.PostId,ph.PostId=v.PostId#ph.CreationDate,>=,CAST('2011-05-07 21:47:19' AS DATETIME),ph.CreationDate,<=,CAST('2014-09-10 13:19:54' AS DATETIME)#1633681
comments as c,postHistory as ph,badges as b,users as u#u.Id=c.UserId,u.Id=ph.UserId,u.Id=b.UserId#c.Score,=,0,c.CreationDate,>=,CAST('2010-09-05 16:04:35' AS DATETIME),c.CreationDate,<=,CAST('2014-09-11 04:35:36' AS DATETIME),ph.PostHistoryTypeId,=,1,ph.CreationDate,>=,CAST('2010-07-26 20:01:58' AS DATETIME),ph.CreationDate,<=,CAST('2014-09-13 17:29:23' AS DATETIME),b.Date,<=,CAST('2014-09-04 08:54:56' AS DATETIME)#105742741
comments as c,postHistory as ph,badges as b,users as u#u.Id=c.UserId,u.Id=ph.UserId,u.Id=b.UserId#c.Score,=,0,c.CreationDate,>=,CAST('2010-07-20 10:52:57' AS DATETIME),ph.PostHistoryTypeId,=,5,ph.CreationDate,>=,CAST('2011-01-31 15:35:37' AS DATETIME),u.Reputation,>=,1,u.Reputation,<=,356,u.DownVotes,<=,34,u.CreationDate,>=,CAST('2010-07-19 21:29:29' AS DATETIME),u.CreationDate,<=,CAST('2014-08-20 14:31:46' AS DATETIME)#2034610
postLinks as pl,posts as p,users as u,badges as b#p.Id=pl.RelatedPostId,u.Id=p.OwnerUserId,u.Id=b.UserId#pl.LinkTypeId,=,1,p.Score,>=,-1,p.CommentCount,<=,8,p.CreationDate,>=,CAST('2010-07-21 12:30:43' AS DATETIME),p.CreationDate,<=,CAST('2014-09-07 01:11:03' AS DATETIME),u.Views,<=,40,u.CreationDate,>=,CAST('2010-07-26 19:11:25' AS DATETIME),u.CreationDate,<=,CAST('2014-09-11 22:26:42' AS DATETIME)#28565
postLinks as pl,posts as p,users as u,badges as b#p.Id=pl.RelatedPostId,u.Id=p.OwnerUserId,u.Id=b.UserId#pl.CreationDate,<=,CAST('2014-08-17 01:23:50' AS DATETIME),p.Score,>=,-1,p.Score,<=,10,p.AnswerCount,<=,5,p.CommentCount,=,2,p.FavoriteCount,>=,0,p.FavoriteCount,<=,6,u.Views,<=,33,u.DownVotes,>=,0,u.CreationDate,>=,CAST('2010-08-19 17:31:36' AS DATETIME),u.CreationDate,<=,CAST('2014-08-06 07:23:12' AS DATETIME),b.Date,<=,CAST('2014-09-10 22:50:06' AS DATETIME)#1717
postHistory as ph,posts as p,votes as v,users as u#p.Id=ph.PostId,u.Id=p.OwnerUserId,p.Id=v.PostId#p.PostTypeId,=,1,p.Score,>=,-1,p.CommentCount,>=,0,p.CommentCount,<=,11#896180
postHistory as ph,posts as p,users as u,badges as b#u.Id=p.OwnerUserId,p.OwnerUserId=ph.UserId,ph.UserId=b.UserId#ph.PostHistoryTypeId,=,3,p.Score,>=,-7,u.Reputation,>=,1,u.UpVotes,>=,0,u.UpVotes,<=,117#7661811
postHistory as ph,posts as p,users as u,badges as b#u.Id=p.OwnerUserId,p.OwnerUserId=ph.UserId,ph.UserId=b.UserId#ph.CreationDate,>=,CAST('2010-09-06 11:41:43' AS DATETIME),ph.CreationDate,<=,CAST('2014-09-03 16:41:18' AS DATETIME),p.Score,>=,-1,p.ViewCount,>=,0,p.ViewCount,<=,39097,p.AnswerCount,>=,0,p.CommentCount,>=,0,p.CommentCount,<=,11,p.FavoriteCount,<=,10,p.CreationDate,>=,CAST('2010-08-13 02:18:09' AS DATETIME),p.CreationDate,<=,CAST('2014-09-09 10:20:27' AS DATETIME),u.Views,>=,0,u.DownVotes,>=,0,u.DownVotes,<=,0,u.UpVotes,>=,0,u.UpVotes,<=,37#2101105
postHistory as ph,votes as v,users as u,badges as b#u.Id=ph.UserId,u.Id=v.UserId,u.Id=b.UserId#ph.PostHistoryTypeId,=,2,u.Views,=,5,u.DownVotes,>=,0,u.UpVotes,>=,0,u.UpVotes,<=,224,u.CreationDate,<=,CAST('2014-09-04 04:41:22' AS DATETIME),b.Date,>=,CAST('2010-07-19 19:39:10' AS DATETIME),b.Date,<=,CAST('2014-09-05 18:37:48' AS DATETIME)#6272
comments as c,posts as p,postLinks as pl,postHistory as ph,votes as v#p.Id=c.PostId,p.Id=pl.PostId,p.Id=ph.PostId,p.Id=v.PostId#c.CreationDate,>=,CAST('2010-08-01 12:12:41' AS DATETIME),p.Score,<=,44,p.FavoriteCount,>=,0,p.FavoriteCount,<=,3,p.CreationDate,>=,CAST('2010-08-11 13:53:56' AS DATETIME),p.CreationDate,<=,CAST('2014-09-03 11:52:36' AS DATETIME),pl.LinkTypeId,=,1,pl.CreationDate,<=,CAST('2014-08-11 17:26:31' AS DATETIME),ph.CreationDate,>=,CAST('2010-09-20 19:11:45' AS DATETIME),v.CreationDate,<=,CAST('2014-09-11 00:00:00' AS DATETIME)#454094
comments as c,posts as p,postHistory as ph,votes as v,users as u#u.Id=c.UserId,c.UserId=p.OwnerUserId,p.OwnerUserId=ph.UserId,ph.UserId=v.UserId#p.Score,<=,13,p.AnswerCount,>=,0,p.AnswerCount,<=,4,p.CommentCount,>=,0,p.FavoriteCount,<=,2,ph.PostHistoryTypeId,=,3,v.BountyAmount,<=,50,u.DownVotes,>=,0#60601561
comments as c,postHistory as ph,badges as b,votes as v,users as u#u.Id=b.UserId,b.UserId=ph.UserId,ph.UserId=v.UserId,v.UserId=c.UserId#c.CreationDate,>=,CAST('2010-07-20 21:37:31' AS DATETIME),ph.PostHistoryTypeId,=,12,u.UpVotes,=,0#224
comments as c,posts as p,votes as v,badges as b,users as u#u.Id=c.UserId,c.UserId=p.OwnerUserId,p.OwnerUserId=v.UserId,v.UserId=b.UserId#c.Score,=,1,p.Score,>=,-1,p.Score,<=,29,p.CreationDate,>=,CAST('2010-07-19 20:40:36' AS DATETIME),p.CreationDate,<=,CAST('2014-09-10 20:52:30' AS DATETIME),v.BountyAmount,<=,50,b.Date,<=,CAST('2014-08-25 19:05:46' AS DATETIME),u.DownVotes,<=,11,u.CreationDate,>=,CAST('2010-07-31 17:32:56' AS DATETIME),u.CreationDate,<=,CAST('2014-09-07 16:06:26' AS DATETIME)#18597973
comments as c,posts as p,votes as v,badges as b,users as u#u.Id=c.UserId,c.UserId=p.OwnerUserId,p.OwnerUserId=v.UserId,v.UserId=b.UserId#c.Score,=,1,p.Score,>=,-2,p.Score,<=,23,p.ViewCount,<=,2432,p.CommentCount,=,0,p.FavoriteCount,>=,0,u.Reputation,>=,1,u.Reputation,<=,113,u.Views,>=,0,u.Views,<=,51#9812
comments as c,posts as p,postHistory as ph,badges as b,users as u#u.Id=c.UserId,u.Id=p.OwnerUserId,u.Id=ph.UserId,u.Id=b.UserId#c.CreationDate,>=,CAST('2010-07-31 05:18:59' AS DATETIME),c.CreationDate,<=,CAST('2014-09-12 07:59:13' AS DATETIME),p.Score,>=,-2,p.ViewCount,>=,0,p.ViewCount,<=,18281,ph.PostHistoryTypeId,=,2,b.Date,>=,CAST('2010-10-20 08:33:44' AS DATETIME),u.Views,>=,0,u.Views,<=,75#86914174
comments as c,posts as p,postHistory as ph,badges as b,users as u#u.Id=c.UserId,u.Id=p.OwnerUserId,u.Id=ph.UserId,u.Id=b.UserId#p.PostTypeId,=,1,p.Score,<=,35,p.AnswerCount,=,1,p.CommentCount,<=,17,p.FavoriteCount,>=,0,b.Date,>=,CAST('2010-07-27 17:58:45' AS DATETIME),b.Date,<=,CAST('2014-09-06 17:33:22' AS DATETIME),u.Views,<=,233,u.DownVotes,<=,2,u.CreationDate,>=,CAST('2010-09-16 16:00:55' AS DATETIME),u.CreationDate,<=,CAST('2014-08-24 21:12:02' AS DATETIME)#228748307
comments as c,postLinks as pl,posts as p,users as u,badges as b#p.Id=pl.RelatedPostId,p.Id=c.PostId,u.Id=b.UserId,u.Id=p.OwnerUserId#c.CreationDate,<=,CAST('2014-09-08 15:58:08' AS DATETIME),p.ViewCount,>=,0,u.Reputation,>=,1#913441
comments as c,postLinks as pl,posts as p,users as u,badges as b#p.Id=pl.RelatedPostId,p.Id=c.PostId,u.Id=b.UserId,u.Id=p.OwnerUserId#pl.LinkTypeId,=,1,pl.CreationDate,>=,CAST('2011-04-12 15:23:59' AS DATETIME),p.Score,=,1,p.ViewCount,>=,0,p.FavoriteCount,>=,0,u.CreationDate,>=,CAST('2011-02-08 18:11:37' AS DATETIME)#4801
tags as t,posts as p,users as u,postHistory as ph,badges as b#p.Id=t.ExcerptPostId,u.Id=ph.UserId,u.Id=b.UserId,u.Id=p.OwnerUserId#p.CommentCount,>=,0,u.DownVotes,<=,0,b.Date,<=,CAST('2014-08-22 02:21:55' AS DATETIME)#14413
tags as t,posts as p,users as u,votes as v,badges as b#p.Id=t.ExcerptPostId,u.Id=v.UserId,u.Id=b.UserId,u.Id=p.OwnerUserId#u.DownVotes,>=,0#15887370
tags as t,posts as p,users as u,votes as v,badges as b#p.Id=t.ExcerptPostId,u.Id=v.UserId,u.Id=b.UserId,u.Id=p.OwnerUserId#u.Views,>=,0,u.Views,<=,515,u.UpVotes,>=,0,u.CreationDate,<=,CAST('2014-09-07 13:46:41' AS DATETIME),v.BountyAmount,>=,0,v.BountyAmount,<=,200,b.Date,<=,CAST('2014-09-12 12:56:22' AS DATETIME)#5091
posts as p,postLinks as pl,postHistory as ph,votes as v,badges as b,users as u#p.Id=pl.RelatedPostId,u.Id=p.OwnerUserId,u.Id=b.UserId,u.Id=ph.UserId,u.Id=v.UserId#p.CommentCount,>=,0,p.CommentCount,<=,13,ph.PostHistoryTypeId,=,5,ph.CreationDate,<=,CAST('2014-08-13 09:20:10' AS DATETIME),v.CreationDate,>=,CAST('2010-07-19 00:00:00' AS DATETIME),b.Date,<=,CAST('2014-09-09 10:24:35' AS DATETIME),u.Views,>=,0,u.DownVotes,>=,0,u.CreationDate,>=,CAST('2010-08-04 16:59:53' AS DATETIME),u.CreationDate,<=,CAST('2014-07-22 15:15:22' AS DATETIME)#17849233970
posts as p,postLinks as pl,postHistory as ph,votes as v,badges as b,users as u#p.Id=pl.RelatedPostId,u.Id=p.OwnerUserId,u.Id=b.UserId,u.Id=ph.UserId,u.Id=v.UserId#p.AnswerCount,>=,0,p.FavoriteCount,>=,0,pl.LinkTypeId,=,1,ph.PostHistoryTypeId,=,2,v.CreationDate,>=,CAST('2010-07-20 00:00:00' AS DATETIME),u.Reputation,>=,1,u.DownVotes,>=,0,u.DownVotes,<=,0,u.UpVotes,<=,439,u.CreationDate,<=,CAST('2014-08-07 11:18:45' AS DATETIME)#88962973
comments as c,posts as p,postLinks as pl,votes as v,badges as b,users as u#p.Id=c.PostId,p.Id=pl.RelatedPostId,p.Id=v.PostId,u.Id=p.OwnerUserId,u.Id=b.UserId#u.Views,<=,190,u.CreationDate,>=,CAST('2010-07-20 08:05:39' AS DATETIME),u.CreationDate,<=,CAST('2014-08-27 09:31:28' AS DATETIME)#11947976
comments as c,posts as p,postLinks as pl,votes as v,badges as b,users as u#p.Id=c.PostId,p.Id=pl.RelatedPostId,p.Id=v.PostId,u.Id=p.OwnerUserId,u.Id=b.UserId#c.CreationDate,>=,CAST('2010-08-06 12:21:39' AS DATETIME),c.CreationDate,<=,CAST('2014-09-11 20:55:34' AS DATETIME),p.Score,>=,0,p.Score,<=,13,p.FavoriteCount,>=,0,pl.LinkTypeId,=,1,pl.CreationDate,>=,CAST('2011-03-11 18:50:29' AS DATETIME),v.VoteTypeId,=,2,v.CreationDate,<=,CAST('2014-09-11 00:00:00' AS DATETIME),u.Reputation,>=,1,u.CreationDate,>=,CAST('2011-02-17 03:42:02' AS DATETIME),u.CreationDate,<=,CAST('2014-09-01 10:54:39' AS DATETIME)#868310
comments as c,posts as p,postLinks as pl,votes as v,badges as b,users as u#p.Id=c.PostId,p.Id=pl.RelatedPostId,p.Id=v.PostId,u.Id=p.OwnerUserId,u.Id=b.UserId#c.Score,=,2,p.ViewCount,<=,7710,p.CommentCount,<=,12,p.FavoriteCount,>=,0,p.FavoriteCount,<=,4,p.CreationDate,>=,CAST('2010-07-27 03:58:22' AS DATETIME),u.UpVotes,>=,0#109961
comments as c,posts as p,postLinks as pl,votes as v,badges as b,users as u#p.Id=c.PostId,p.Id=pl.RelatedPostId,p.Id=v.PostId,u.Id=p.OwnerUserId,u.Id=b.UserId#c.Score,=,0,p.AnswerCount,>=,0,p.AnswerCount,<=,4,p.CreationDate,<=,CAST('2014-09-12 15:56:19' AS DATETIME),pl.LinkTypeId,=,1,pl.CreationDate,>=,CAST('2011-03-07 16:05:24' AS DATETIME),v.BountyAmount,<=,100,v.CreationDate,>=,CAST('2009-02-03 00:00:00' AS DATETIME),v.CreationDate,<=,CAST('2014-09-11 00:00:00' AS DATETIME),u.Views,<=,160,u.CreationDate,>=,CAST('2010-07-27 12:58:30' AS DATETIME),u.CreationDate,<=,CAST('2014-07-12 20:08:07' AS DATETIME)#8893
comments as c,posts as p,postLinks as pl,postHistory as ph,votes as v,users as u#p.Id=pl.PostId,p.Id=ph.PostId,p.Id=c.PostId,u.Id=c.UserId,u.Id=v.UserId#c.CreationDate,<=,CAST('2014-09-11 13:24:22' AS DATETIME),p.PostTypeId,=,1,p.Score,=,2,p.FavoriteCount,<=,12,pl.CreationDate,>=,CAST('2010-08-13 11:42:08' AS DATETIME),pl.CreationDate,<=,CAST('2014-08-29 00:27:05' AS DATETIME),ph.CreationDate,>=,CAST('2011-01-03 23:47:35' AS DATETIME),ph.CreationDate,<=,CAST('2014-09-08 12:48:36' AS DATETIME),v.CreationDate,>=,CAST('2010-07-27 00:00:00' AS DATETIME),u.Reputation,>=,1,u.DownVotes,>=,0#692609
comments as c,posts as p,postLinks as pl,postHistory as ph,votes as v,users as u#p.Id=pl.PostId,p.Id=ph.PostId,p.Id=c.PostId,u.Id=c.UserId,u.Id=v.UserId#c.Score,=,0,c.CreationDate,>=,CAST('2010-07-20 06:26:28' AS DATETIME),c.CreationDate,<=,CAST('2014-09-11 18:45:09' AS DATETIME),p.PostTypeId,=,1,p.FavoriteCount,>=,0,p.FavoriteCount,<=,2,ph.PostHistoryTypeId,=,5,u.DownVotes,<=,0,u.UpVotes,>=,0,u.CreationDate,>=,CAST('2010-09-18 01:58:41' AS DATETIME)#33955
comments as c,posts as p,postLinks as pl,postHistory as ph,votes as v,users as u#p.Id=pl.PostId,p.Id=ph.PostId,p.Id=c.PostId,u.Id=c.UserId,u.Id=v.UserId#c.CreationDate,>=,CAST('2010-07-26 20:21:15' AS DATETIME),c.CreationDate,<=,CAST('2014-09-13 01:26:16' AS DATETIME),p.Score,>=,-1,p.Score,<=,19,p.CommentCount,<=,13,ph.PostHistoryTypeId,=,2,ph.CreationDate,<=,CAST('2014-08-07 12:06:00' AS DATETIME),v.BountyAmount,<=,50,v.CreationDate,>=,CAST('2010-07-21 00:00:00' AS DATETIME),v.CreationDate,<=,CAST('2014-09-14 00:00:00' AS DATETIME),u.Views,>=,0,u.CreationDate,<=,CAST('2014-08-19 21:33:14' AS DATETIME)#82213
comments as c,posts as p,postLinks as pl,postHistory as ph,votes as v,users as u#p.Id=pl.PostId,p.Id=ph.PostId,p.Id=c.PostId,u.Id=c.UserId,u.Id=v.UserId#c.Score,=,0,c.CreationDate,>=,CAST('2010-08-02 20:27:48' AS DATETIME),c.CreationDate,<=,CAST('2014-09-10 16:09:23' AS DATETIME),p.PostTypeId,=,1,p.Score,=,4,p.ViewCount,<=,4937,pl.CreationDate,>=,CAST('2011-11-03 05:09:35' AS DATETIME),ph.PostHistoryTypeId,=,1,u.Reputation,<=,270,u.Views,>=,0,u.Views,<=,51,u.DownVotes,>=,0#469
comments as c,posts as p,postLinks as pl,postHistory as ph,votes as v,badges as b#p.Id=c.PostId,p.Id=pl.RelatedPostId,p.Id=ph.PostId,p.Id=v.PostId,b.UserId=c.UserId#v.CreationDate,>=,CAST('2010-07-19 00:00:00' AS DATETIME),v.CreationDate,<=,CAST('2014-09-10 00:00:00' AS DATETIME)#1112747282
comments as c,posts as p,postLinks as pl,postHistory as ph,votes as v,badges as b#p.Id=c.PostId,p.Id=pl.RelatedPostId,p.Id=ph.PostId,p.Id=v.PostId,b.UserId=c.UserId#c.Score,=,0,p.Score,<=,32,p.ViewCount,<=,4146,pl.LinkTypeId,=,1,v.CreationDate,<=,CAST('2014-09-10 00:00:00' AS DATETIME)#107654752
comments as c,posts as p,postLinks as pl,postHistory as ph,votes as v,badges as b#p.Id=c.PostId,p.Id=pl.RelatedPostId,p.Id=ph.PostId,p.Id=v.PostId,b.UserId=c.UserId#c.CreationDate,>=,CAST('2010-07-26 20:21:15' AS DATETIME),c.CreationDate,<=,CAST('2014-09-13 18:12:10' AS DATETIME),p.Score,<=,61,p.ViewCount,<=,3627,p.AnswerCount,>=,0,p.AnswerCount,<=,5,p.CommentCount,<=,8,p.FavoriteCount,>=,0,v.VoteTypeId,=,2,v.CreationDate,>=,CAST('2010-07-27 00:00:00' AS DATETIME),b.Date,>=,CAST('2010-07-30 03:49:24' AS DATETIME)#80052528
comments as c,posts as p,postLinks as pl,postHistory as ph,votes as v,badges as b#p.Id=c.PostId,p.Id=pl.RelatedPostId,p.Id=ph.PostId,p.Id=v.PostId,b.UserId=c.UserId#p.CommentCount,>=,0,ph.PostHistoryTypeId,=,2,v.VoteTypeId,=,5#58623592
comments as c,posts as p,postLinks as pl,postHistory as ph,votes as v,badges as b#p.Id=c.PostId,p.Id=pl.RelatedPostId,p.Id=ph.PostId,p.Id=v.PostId,b.UserId=c.UserId#c.Score,=,0,p.Score,<=,67,ph.PostHistoryTypeId,=,34,b.Date,<=,CAST('2014-08-20 12:16:56' AS DATETIME)#1582060
comments as c,posts as p,postLinks as pl,postHistory as ph,votes as v,badges as b#p.Id=c.PostId,p.Id=pl.RelatedPostId,p.Id=ph.PostId,p.Id=v.PostId,b.UserId=c.UserId#c.CreationDate,>=,CAST('2010-07-22 01:19:43' AS DATETIME),p.Score,>=,-1,p.ViewCount,>=,0,p.CommentCount,<=,9,ph.CreationDate,>=,CAST('2010-09-20 17:45:15' AS DATETIME),ph.CreationDate,<=,CAST('2014-08-07 01:00:45' AS DATETIME),v.VoteTypeId,=,15#1639421
comments as c,posts as p,postHistory as ph,votes as v,badges as b,users as u#u.Id=p.OwnerUserId,u.Id=b.UserId,p.Id=c.PostId,p.Id=ph.PostId,p.Id=v.PostId#p.PostTypeId,=,1,p.Score,<=,192,p.ViewCount,>=,0,p.ViewCount,<=,2772,p.AnswerCount,<=,5,u.DownVotes,>=,0#38686327
comments as c,posts as p,postHistory as ph,votes as v,badges as b,users as u#u.Id=p.OwnerUserId,u.Id=b.UserId,p.Id=c.PostId,p.Id=ph.PostId,p.Id=v.PostId#c.Score,=,0,c.CreationDate,<=,CAST('2014-09-09 19:58:29' AS DATETIME),p.Score,>=,-4,p.ViewCount,>=,0,p.ViewCount,<=,5977,p.AnswerCount,<=,4,p.CommentCount,>=,0,p.CommentCount,<=,11,p.CreationDate,>=,CAST('2011-01-25 08:31:41' AS DATETIME),u.Reputation,<=,312,u.DownVotes,<=,0#3812589
comments as c,posts as p,postHistory as ph,votes as v,badges as b,users as u#u.Id=p.OwnerUserId,u.Id=b.UserId,p.Id=c.PostId,p.Id=ph.PostId,p.Id=v.PostId#p.PostTypeId,=,1,p.ViewCount,<=,4159,p.CommentCount,>=,0,p.CommentCount,<=,12,ph.PostHistoryTypeId,=,2,v.VoteTypeId,=,2,u.Views,<=,86,u.DownVotes,>=,0,u.DownVotes,<=,1,u.UpVotes,<=,6#434967
comments as c,posts as p,postHistory as ph,votes as v,badges as b,users as u#u.Id=p.OwnerUserId,u.Id=b.UserId,p.Id=c.PostId,p.Id=ph.PostId,p.Id=v.PostId#p.ViewCount,>=,0,p.AnswerCount,>=,0,p.AnswerCount,<=,7,p.FavoriteCount,>=,0,p.FavoriteCount,<=,17,v.VoteTypeId,=,5,b.Date,>=,CAST('2010-08-01 02:54:53' AS DATETIME),u.Reputation,>=,1,u.Views,>=,0,u.CreationDate,>=,CAST('2010-08-19 06:26:34' AS DATETIME),u.CreationDate,<=,CAST('2014-09-11 05:22:26' AS DATETIME)#5982882
comments as c,posts as p,postHistory as ph,votes as v,badges as b,users as u#u.Id=p.OwnerUserId,u.Id=b.UserId,p.Id=c.PostId,p.Id=ph.PostId,p.Id=v.PostId#p.PostTypeId,=,1,p.CommentCount,>=,0,p.CommentCount,<=,12,p.FavoriteCount,>=,0,v.BountyAmount,<=,50#426751
comments as c,posts as p,postHistory as ph,votes as v,badges as b,users as u#u.Id=p.OwnerUserId,u.Id=b.UserId,p.Id=c.PostId,p.Id=ph.PostId,p.Id=v.PostId#c.Score,=,0,p.Score,<=,21,p.AnswerCount,<=,3,p.FavoriteCount,>=,0,v.CreationDate,>=,CAST('2010-07-19 00:00:00' AS DATETIME),b.Date,<=,CAST('2014-09-11 18:35:08' AS DATETIME),u.Reputation,<=,240#2870375
comments as c,posts as p,users as u#u.Id=p.OwnerUserId,c.UserId=u.Id#c.CreationDate,>=,CAST('2010-07-27 17:46:38' AS DATETIME),p.AnswerCount,>=,0,p.AnswerCount,<=,4,p.CommentCount,>=,0,p.CommentCount,<=,11,p.CreationDate,>=,CAST('2010-07-26 09:46:48' AS DATETIME),p.CreationDate,<=,CAST('2014-09-13 10:09:50' AS DATETIME),u.Reputation,>=,1,u.CreationDate,>=,CAST('2010-08-03 19:42:40' AS DATETIME),u.CreationDate,<=,CAST('2014-09-12 02:20:03' AS DATETIME)#1459345
comments as c,posts as p,users as u#u.Id=p.OwnerUserId,c.UserId=u.Id#c.Score,=,0,p.AnswerCount,<=,5,p.CommentCount,>=,0,p.CommentCount,<=,11,p.FavoriteCount,<=,27,u.Reputation,>=,1#657592
comments as c,postHistory as ph,users as u#c.UserId=u.Id,ph.UserId=u.Id#c.CreationDate,>=,CAST('2010-08-09 07:24:50' AS DATETIME),c.CreationDate,<=,CAST('2014-09-10 03:46:02' AS DATETIME),u.Reputation,>=,1,u.Views,<=,80,u.UpVotes,>=,0,u.CreationDate,>=,CAST('2010-08-02 20:31:12' AS DATETIME)#1771584
comments as c,postHistory as ph,users as u#c.UserId=u.Id,ph.UserId=u.Id#u.Reputation,>=,1,u.Reputation,<=,7931,u.Views,<=,109,u.DownVotes,>=,0,u.CreationDate,<=,CAST('2014-09-12 13:12:56' AS DATETIME)#2323452
comments as c,votes as v,users as u#u.Id=c.UserId,u.Id=v.UserId#c.CreationDate,>=,CAST('2010-07-27 15:46:34' AS DATETIME),c.CreationDate,<=,CAST('2014-09-12 08:15:14' AS DATETIME),v.CreationDate,>=,CAST('2010-07-19 00:00:00' AS DATETIME),v.CreationDate,<=,CAST('2014-09-10 00:00:00' AS DATETIME),u.CreationDate,<=,CAST('2014-09-03 01:06:41' AS DATETIME)#10993951
comments as c,votes as v,users as u#u.Id=c.UserId,u.Id=v.UserId#v.CreationDate,<=,CAST('2014-09-11 00:00:00' AS DATETIME),u.CreationDate,>=,CAST('2010-07-19 20:11:48' AS DATETIME),u.CreationDate,<=,CAST('2014-07-09 20:37:10' AS DATETIME)#10862842
comments as c,votes as v,users as u,posts as p#c.PostId=p.Id,u.Id=c.UserId,v.PostId=p.Id#c.Score,=,0,u.Views,>=,0,u.Views,<=,74#209182
comments as c,badges as b,users as u#c.UserId=u.Id,b.UserId=u.Id#c.CreationDate,>=,CAST('2010-08-12 20:27:30' AS DATETIME),c.CreationDate,<=,CAST('2014-09-12 12:49:19' AS DATETIME),u.Views,>=,0,u.DownVotes,>=,0,u.DownVotes,<=,2#758411
comments as c,badges as b,users as u#c.UserId=u.Id,b.UserId=u.Id#c.Score,=,0,c.CreationDate,>=,CAST('2010-07-24 06:46:49' AS DATETIME),b.Date,>=,CAST('2010-07-19 20:34:06' AS DATETIME),b.Date,<=,CAST('2014-09-12 15:11:36' AS DATETIME),u.UpVotes,>=,0#10223864
postHistory as ph,posts as p,users as u#p.OwnerUserId=u.Id,ph.UserId=u.Id#p.Score,>=,-1,p.CommentCount,>=,0,p.CommentCount,<=,23,u.DownVotes,=,0,u.UpVotes,>=,0,u.UpVotes,<=,244#1356723
postHistory as ph,posts as p,users as u#p.OwnerUserId=u.Id,ph.UserId=u.Id#ph.CreationDate,>=,CAST('2011-05-20 18:43:03' AS DATETIME),p.FavoriteCount,<=,5,u.Views,>=,0,u.UpVotes,>=,0,u.CreationDate,>=,CAST('2010-11-27 21:46:49' AS DATETIME),u.CreationDate,<=,CAST('2014-08-18 13:00:22' AS DATETIME)#582617
postHistory as ph,posts as p,users as u#p.OwnerUserId=u.Id,ph.UserId=u.Id#ph.CreationDate,>=,CAST('2010-08-21 05:30:40' AS DATETIME),p.Score,>=,0,u.Reputation,>=,1,u.UpVotes,<=,198,u.CreationDate,>=,CAST('2010-07-19 20:49:05' AS DATETIME)#4197329
postHistory as ph,posts as p,users as u#ph.PostId=p.Id,p.OwnerUserId=u.Id#p.CreationDate,>=,CAST('2010-08-17 19:08:05' AS DATETIME),p.CreationDate,<=,CAST('2014-08-31 06:58:12' AS DATETIME),u.UpVotes,>=,0,u.UpVotes,<=,9#155561
votes as v,posts as p,users as u#v.UserId=u.Id,p.OwnerUserId=u.Id#p.PostTypeId,=,2,p.CreationDate,<=,CAST('2014-08-26 22:40:26' AS DATETIME),u.Views,>=,0#2162683
votes as v,posts as p,users as u#v.UserId=u.Id,p.OwnerUserId=u.Id#p.CommentCount,>=,0,u.CreationDate,>=,CAST('2010-12-15 06:00:24' AS DATETIME)#1100297
comments as c,postHistory as ph,votes as v,posts as p#ph.PostId=p.Id,c.PostId=p.Id,v.PostId=p.Id#v.CreationDate,<=,CAST('2014-09-12 00:00:00' AS DATETIME)#4254157
comments as c,postHistory as ph,votes as v,posts as p#ph.PostId=p.Id,c.PostId=p.Id,v.PostId=p.Id#c.Score,=,0,c.CreationDate,>=,CAST('2010-08-26 06:55:11' AS DATETIME),ph.CreationDate,<=,CAST('2014-09-05 06:39:25' AS DATETIME),v.VoteTypeId,=,2#2016238
comments as c,posts as p,votes as v,users as u#u.Id=p.OwnerUserId,u.Id=c.UserId,u.Id=v.UserId#c.CreationDate,>=,CAST('2010-07-27 12:03:40' AS DATETIME),p.Score,>=,0,p.Score,<=,28,p.ViewCount,>=,0,p.ViewCount,<=,6517,p.AnswerCount,>=,0,p.AnswerCount,<=,5,p.FavoriteCount,>=,0,p.FavoriteCount,<=,8,p.CreationDate,>=,CAST('2010-07-27 11:29:20' AS DATETIME),p.CreationDate,<=,CAST('2014-09-13 02:50:15' AS DATETIME),u.Views,>=,0,u.CreationDate,>=,CAST('2010-07-27 09:38:05' AS DATETIME)#56359398
comments as c,posts as p,votes as v,users as u#u.Id=p.OwnerUserId,u.Id=c.UserId,u.Id=v.UserId#p.Score,<=,52,p.AnswerCount,>=,0,v.CreationDate,>=,CAST('2010-07-20 00:00:00' AS DATETIME),u.UpVotes,>=,0,u.CreationDate,>=,CAST('2010-10-05 05:52:35' AS DATETIME),u.CreationDate,<=,CAST('2014-09-08 15:55:02' AS DATETIME)#40855663
comments as c,posts as p,votes as v,users as u#u.Id=p.OwnerUserId,u.Id=c.UserId,u.Id=v.UserId#c.Score,=,0,p.ViewCount,>=,0,u.Reputation,<=,306,u.UpVotes,>=,0#1490297
comments as c,posts as p,votes as v,users as u#u.Id=p.OwnerUserId,p.Id=v.PostId,p.Id=c.PostId#p.Score,>=,0,p.Score,<=,16,p.ViewCount,>=,0,p.CreationDate,<=,CAST('2014-09-09 12:00:50' AS DATETIME),u.Reputation,>=,1,u.CreationDate,>=,CAST('2010-07-19 19:08:49' AS DATETIME),u.CreationDate,<=,CAST('2014-08-28 12:15:56' AS DATETIME)#303210
comments as c,posts as p,votes as v,users as u#u.Id=p.OwnerUserId,p.Id=v.PostId,p.Id=c.PostId#c.Score,=,0,c.CreationDate,<=,CAST('2014-09-10 02:47:53' AS DATETIME),p.Score,>=,0,p.Score,<=,19,p.CommentCount,<=,10,p.CreationDate,<=,CAST('2014-08-28 13:31:33' AS DATETIME),v.CreationDate,<=,CAST('2014-09-12 00:00:00' AS DATETIME),u.DownVotes,>=,0#408599
votes as v,posts as p,badges as b,users as u#u.Id=b.UserId,u.Id=p.OwnerUserId,p.Id=v.PostId#p.AnswerCount,>=,0,p.AnswerCount,<=,7,p.CreationDate,<=,CAST('2014-09-12 00:03:32' AS DATETIME),b.Date,<=,CAST('2014-09-11 07:27:36' AS DATETIME)#2809424
votes as v,posts as p,badges as b,users as u#u.Id=b.UserId,u.Id=p.OwnerUserId,u.Id=v.UserId#p.PostTypeId,=,1,p.CommentCount,>=,0,p.CommentCount,<=,15,u.Reputation,>=,1,u.DownVotes,>=,0,u.DownVotes,<=,1#3778084
comments as c,postHistory as ph,votes as v,users as u#v.UserId=u.Id,c.UserId=u.Id,ph.UserId=u.Id#ph.CreationDate,>=,CAST('2010-07-28 09:11:34' AS DATETIME),ph.CreationDate,<=,CAST('2014-09-06 06:51:53' AS DATETIME),u.DownVotes,<=,0,u.UpVotes,>=,0,u.UpVotes,<=,72#11075893
comments as c,postHistory as ph,votes as v,users as u#v.UserId=u.Id,c.UserId=u.Id,ph.UserId=u.Id#c.Score,=,0,c.CreationDate,>=,CAST('2010-07-19 19:56:21' AS DATETIME),c.CreationDate,<=,CAST('2014-09-11 13:36:12' AS DATETIME),u.Views,<=,433,u.DownVotes,>=,0,u.CreationDate,<=,CAST('2014-09-12 21:37:39' AS DATETIME)#183537163
comments as c,postHistory as ph,votes as v,users as u#v.UserId=u.Id,c.UserId=u.Id,ph.UserId=u.Id#c.CreationDate,<=,CAST('2014-08-28 07:25:55' AS DATETIME),ph.PostHistoryTypeId,=,2,u.Reputation,>=,1,u.Views,>=,0,u.DownVotes,>=,0,u.UpVotes,>=,0,u.UpVotes,<=,15,u.CreationDate,>=,CAST('2010-09-03 11:45:16' AS DATETIME),u.CreationDate,<=,CAST('2014-08-18 17:19:53' AS DATETIME)#569476
comments as c,votes as v,badges as b,users as u#u.Id=b.UserId,u.Id=c.UserId,u.Id=v.UserId#c.Score,=,1,c.CreationDate,>=,CAST('2010-08-27 14:12:07' AS DATETIME),v.VoteTypeId,=,5,v.CreationDate,>=,CAST('2010-07-19 00:00:00' AS DATETIME),v.CreationDate,<=,CAST('2014-09-13 00:00:00' AS DATETIME),b.Date,<=,CAST('2014-08-19 10:32:13' AS DATETIME),u.Reputation,>=,1#537352263
comments as c,votes as v,badges as b,users as u#u.Id=b.UserId,u.Id=c.UserId,u.Id=v.UserId#c.Score,=,1,c.CreationDate,>=,CAST('2010-07-20 23:17:28' AS DATETIME),u.CreationDate,>=,CAST('2010-07-20 01:27:29' AS DATETIME)#593169291
comments as c,postLinks as pl,postHistory as ph,votes as v,posts as p#pl.PostId=p.Id,c.PostId=p.Id,v.PostId=p.Id,ph.PostId=p.Id#c.Score,=,0,pl.CreationDate,>=,CAST('2011-11-21 22:39:41' AS DATETIME),pl.CreationDate,<=,CAST('2014-09-01 16:29:56' AS DATETIME),v.CreationDate,>=,CAST('2010-07-22 00:00:00' AS DATETIME),v.CreationDate,<=,CAST('2014-09-14 00:00:00' AS DATETIME)#978405
comments as c,postLinks as pl,postHistory as ph,votes as v,posts as p#pl.PostId=p.Id,c.PostId=p.Id,v.PostId=p.Id,ph.PostId=p.Id#c.Score,=,0,pl.CreationDate,>=,CAST('2011-03-22 06:18:34' AS DATETIME),pl.CreationDate,<=,CAST('2014-08-22 20:04:25' AS DATETIME)#1104151
comments as c,postLinks as pl,postHistory as ph,votes as v,posts as p#pl.PostId=p.Id,c.PostId=p.Id,v.PostId=p.Id,ph.PostId=p.Id#pl.LinkTypeId,=,1,pl.CreationDate,>=,CAST('2010-10-19 15:02:42' AS DATETIME),ph.CreationDate,<=,CAST('2014-06-18 17:14:07' AS DATETIME),v.CreationDate,>=,CAST('2010-07-20 00:00:00' AS DATETIME)#1957551
comments as c,postLinks as pl,postHistory as ph,votes as v,posts as p#pl.PostId=p.Id,c.PostId=p.Id,v.PostId=p.Id,ph.PostId=p.Id#pl.LinkTypeId,=,1,pl.CreationDate,>=,CAST('2011-06-14 13:31:35' AS DATETIME),v.CreationDate,>=,CAST('2010-07-19 00:00:00' AS DATETIME),v.CreationDate,<=,CAST('2014-09-10 00:00:00' AS DATETIME)#1839326
comments as c,postHistory as ph,badges as b,users as u#u.Id=b.UserId,u.Id=ph.UserId,u.Id=c.UserId#c.CreationDate,<=,CAST('2014-09-10 00:33:30' AS DATETIME),u.DownVotes,<=,0,u.UpVotes,<=,47#18382871
comments as c,postHistory as ph,badges as b,users as u#u.Id=b.UserId,u.Id=ph.UserId,u.Id=c.UserId#ph.PostHistoryTypeId,=,2,ph.CreationDate,<=,CAST('2014-08-01 13:56:22' AS DATETIME),b.Date,<=,CAST('2014-09-02 23:33:16' AS DATETIME),u.Views,>=,0,u.DownVotes,>=,0,u.UpVotes,>=,0,u.UpVotes,<=,62,u.CreationDate,>=,CAST('2010-07-27 17:10:30' AS DATETIME),u.CreationDate,<=,CAST('2014-07-31 18:48:36' AS DATETIME)#19424781
comments as c,postHistory as ph,badges as b,users as u#u.Id=b.UserId,u.Id=ph.UserId,u.Id=c.UserId#c.CreationDate,<=,CAST('2014-08-28 00:18:24' AS DATETIME),b.Date,>=,CAST('2010-09-15 02:50:48' AS DATETIME),u.Reputation,>=,1,u.Reputation,<=,1443,u.DownVotes,>=,0,u.DownVotes,<=,3#43927632
comments as c,postHistory as ph,badges as b,users as u#u.Id=b.UserId,u.Id=ph.UserId,u.Id=c.UserId#c.Score,=,2,ph.CreationDate,>=,CAST('2010-08-19 12:45:55' AS DATETIME),ph.CreationDate,<=,CAST('2014-09-03 21:46:37' AS DATETIME),u.Reputation,>=,1,u.Reputation,<=,1183,u.Views,>=,0#986987
postHistory as ph,posts as p,votes as v,users as u#u.Id=p.OwnerUserId,p.Id=ph.PostId,p.Id=v.PostId#ph.CreationDate,>=,CAST('2010-07-21 00:44:08' AS DATETIME),p.ViewCount,>=,0,p.CommentCount,>=,0,v.VoteTypeId,=,2,u.Views,>=,0,u.Views,<=,34,u.UpVotes,>=,0#354388
postHistory as ph,posts as p,votes as v,users as u#u.Id=p.OwnerUserId,p.Id=ph.PostId,p.Id=v.PostId#ph.CreationDate,<=,CAST('2014-07-28 13:25:35' AS DATETIME),p.PostTypeId,=,1,p.AnswerCount,>=,0,p.AnswerCount,<=,4,v.CreationDate,>=,CAST('2010-07-20 00:00:00' AS DATETIME),v.CreationDate,<=,CAST('2014-09-03 00:00:00' AS DATETIME),u.DownVotes,=,0,u.CreationDate,<=,CAST('2014-08-08 07:03:29' AS DATETIME)#554302
postHistory as ph,posts as p,users as u,badges as b#b.UserId=u.Id,p.OwnerUserId=u.Id,ph.UserId=u.Id#ph.PostHistoryTypeId,=,5,p.ViewCount,>=,0,p.ViewCount,<=,2024,u.Reputation,>=,1,u.Reputation,<=,750,b.Date,>=,CAST('2010-07-20 10:34:10' AS DATETIME)#1936953
postHistory as ph,posts as p,users as u,badges as b#b.UserId=u.Id,p.OwnerUserId=u.Id,ph.UserId=u.Id#ph.CreationDate,>=,CAST('2010-07-19 19:52:31' AS DATETIME),p.Score,>=,0,u.CreationDate,>=,CAST('2010-07-27 02:56:06' AS DATETIME),u.CreationDate,<=,CAST('2014-09-10 10:44:00' AS DATETIME)#11637523617
postHistory as ph,posts as p,users as u,badges as b#b.UserId=u.Id,p.OwnerUserId=u.Id,ph.UserId=u.Id#ph.PostHistoryTypeId,=,2,ph.CreationDate,>=,CAST('2011-01-08 03:03:48' AS DATETIME),ph.CreationDate,<=,CAST('2014-08-25 14:04:43' AS DATETIME),p.AnswerCount,<=,4,p.CommentCount,>=,0,p.CommentCount,<=,12,p.FavoriteCount,>=,0,p.FavoriteCount,<=,89,p.CreationDate,<=,CAST('2014-09-02 10:21:04' AS DATETIME),u.Reputation,<=,705,u.CreationDate,>=,CAST('2010-07-28 23:56:00' AS DATETIME),u.CreationDate,<=,CAST('2014-09-02 10:04:41' AS DATETIME),b.Date,>=,CAST('2010-07-20 20:47:27' AS DATETIME),b.Date,<=,CAST('2014-09-09 13:24:28' AS DATETIME)#1116000
postHistory as ph,posts as p,users as u,badges as b#b.UserId=u.Id,p.OwnerUserId=u.Id,ph.UserId=u.Id#ph.CreationDate,>=,CAST('2010-07-27 18:08:19' AS DATETIME),ph.CreationDate,<=,CAST('2014-09-10 08:22:43' AS DATETIME),p.PostTypeId,=,2#11206879551
postHistory as ph,posts as p,users as u,badges as b#b.UserId=u.Id,p.OwnerUserId=u.Id,ph.UserId=u.Id#p.AnswerCount,>=,0,p.FavoriteCount,>=,0,p.CreationDate,<=,CAST('2014-09-03 03:32:35' AS DATETIME),u.CreationDate,<=,CAST('2014-09-12 22:21:49' AS DATETIME)#154355934
postHistory as ph,votes as v,users as u,badges as b#u.Id=b.UserId,u.Id=ph.UserId,u.Id=v.UserId#v.CreationDate,<=,CAST('2014-09-10 00:00:00' AS DATETIME),u.DownVotes,>=,0,u.DownVotes,<=,3,u.UpVotes,>=,0,u.UpVotes,<=,71,b.Date,>=,CAST('2010-07-19 21:54:06' AS DATETIME)#6351775
postHistory as ph,votes as v,users as u,badges as b#u.Id=b.UserId,u.Id=ph.UserId,u.Id=v.UserId#ph.PostHistoryTypeId,=,1,v.CreationDate,<=,CAST('2014-09-12 00:00:00' AS DATETIME),u.Reputation,<=,126,u.Views,<=,11,u.CreationDate,>=,CAST('2010-08-02 16:17:58' AS DATETIME),u.CreationDate,<=,CAST('2014-09-12 00:16:30' AS DATETIME),b.Date,<=,CAST('2014-09-03 16:13:12' AS DATETIME)#56205
postHistory as ph,votes as v,users as u,badges as b#u.Id=b.UserId,u.Id=ph.UserId,u.Id=v.UserId#u.Views,>=,0#3136348028
comments as c,posts as p,postLinks as pl,postHistory as ph,votes as v#p.Id=pl.PostId,p.Id=v.PostId,p.Id=ph.PostId,p.Id=c.PostId#c.Score,=,0,p.FavoriteCount,>=,0,p.CreationDate,>=,CAST('2010-07-23 02:00:12' AS DATETIME),p.CreationDate,<=,CAST('2014-09-08 13:52:41' AS DATETIME),pl.LinkTypeId,=,1,pl.CreationDate,>=,CAST('2011-10-06 21:41:26' AS DATETIME),v.VoteTypeId,=,2#490921
comments as c,posts as p,postLinks as pl,postHistory as ph,votes as v#p.Id=pl.PostId,p.Id=v.PostId,p.Id=ph.PostId,p.Id=c.PostId#c.CreationDate,>=,CAST('2010-08-01 12:12:41' AS DATETIME),p.Score,<=,44,p.FavoriteCount,>=,0,p.FavoriteCount,<=,3,p.CreationDate,>=,CAST('2010-08-11 13:53:56' AS DATETIME),p.CreationDate,<=,CAST('2014-09-03 11:52:36' AS DATETIME),pl.LinkTypeId,=,1,pl.CreationDate,<=,CAST('2014-08-11 17:26:31' AS DATETIME),ph.CreationDate,>=,CAST('2010-09-20 19:11:45' AS DATETIME),v.CreationDate,<=,CAST('2014-09-11 00:00:00' AS DATETIME)#454094
comments as c,posts as p,postLinks as pl,postHistory as ph,votes as v#p.Id=pl.PostId,p.Id=v.PostId,p.Id=ph.PostId,p.Id=c.PostId#c.CreationDate,<=,CAST('2014-09-10 02:42:35' AS DATETIME),p.Score,>=,-1,p.ViewCount,<=,5896,p.AnswerCount,>=,0,p.CreationDate,>=,CAST('2010-07-29 15:57:21' AS DATETIME),v.VoteTypeId,=,2#914210
comments as c,posts as p,postLinks as pl,postHistory as ph,users as u#pl.RelatedPostId=p.Id,u.Id=c.UserId,c.PostId=p.Id,ph.PostId=p.Id#c.CreationDate,>=,CAST('2010-07-11 12:25:05' AS DATETIME),c.CreationDate,<=,CAST('2014-09-11 13:43:09' AS DATETIME),p.CommentCount,>=,0,p.CommentCount,<=,14,pl.LinkTypeId,=,1,ph.CreationDate,>=,CAST('2010-08-06 03:14:53' AS DATETIME),u.Reputation,>=,1,u.Reputation,<=,491,u.DownVotes,>=,0,u.DownVotes,<=,0#35205
comments as c,posts as p,postHistory as ph,votes as v,users as u#v.UserId=u.Id,c.UserId=u.Id,p.OwnerUserId=u.Id,ph.UserId=u.Id#c.Score,=,2,p.AnswerCount,>=,0,p.AnswerCount,<=,9,p.CreationDate,>=,CAST('2010-07-20 18:17:25' AS DATETIME),p.CreationDate,<=,CAST('2014-08-26 12:57:22' AS DATETIME),ph.CreationDate,<=,CAST('2014-09-02 07:58:47' AS DATETIME),v.BountyAmount,>=,0,v.CreationDate,>=,CAST('2010-05-19 00:00:00' AS DATETIME),u.UpVotes,<=,230,u.CreationDate,>=,CAST('2010-09-22 01:07:10' AS DATETIME),u.CreationDate,<=,CAST('2014-08-15 05:52:23' AS DATETIME)#2863626
comments as c,posts as p,postHistory as ph,votes as v,users as u#v.UserId=u.Id,c.UserId=u.Id,p.OwnerUserId=u.Id,ph.UserId=u.Id#p.ViewCount,>=,0,p.AnswerCount,>=,0,p.AnswerCount,<=,5,ph.PostHistoryTypeId,=,2,ph.CreationDate,>=,CAST('2010-11-05 01:25:39' AS DATETIME),ph.CreationDate,<=,CAST('2014-09-09 07:14:12' AS DATETIME),v.BountyAmount,>=,0,v.BountyAmount,<=,100,v.CreationDate,>=,CAST('2010-07-26 00:00:00' AS DATETIME),u.Views,>=,0,u.Views,<=,13#96484
comments as c,postHistory as ph,badges as b,votes as v,users as u#ph.UserId=u.Id,v.UserId=u.Id,c.UserId=u.Id,b.UserId=u.Id#b.Date,>=,CAST('2010-09-26 12:17:14' AS DATETIME),v.BountyAmount,>=,0,v.CreationDate,>=,CAST('2010-07-20 00:00:00' AS DATETIME),v.CreationDate,<=,CAST('2014-09-11 00:00:00' AS DATETIME),u.DownVotes,>=,0,u.DownVotes,<=,0,u.UpVotes,>=,0,u.UpVotes,<=,31,u.CreationDate,<=,CAST('2014-08-06 20:38:52' AS DATETIME)#13971410
comments as c,posts as p,postHistory as ph,badges as b,users as u#u.Id=ph.UserId,u.Id=b.UserId,u.Id=p.OwnerUserId,u.Id=c.UserId#c.Score,=,0,p.Score,>=,-2,p.CommentCount,>=,0,p.CommentCount,<=,12,p.FavoriteCount,>=,0,p.FavoriteCount,<=,6,ph.CreationDate,<=,CAST('2014-08-18 08:54:12' AS DATETIME),u.Views,=,0,u.DownVotes,>=,0,u.DownVotes,<=,60#16698
comments as c,posts as p,postHistory as ph,badges as b,users as u#u.Id=ph.UserId,u.Id=b.UserId,u.Id=p.OwnerUserId,u.Id=c.UserId#c.Score,=,0,p.PostTypeId,=,1,p.ViewCount,>=,0,p.ViewCount,<=,4157,p.FavoriteCount,=,0,p.CreationDate,<=,CAST('2014-09-08 09:58:16' AS DATETIME)#2263957167
comments as c,posts as p,postHistory as ph,badges as b,users as u#u.Id=ph.UserId,u.Id=b.UserId,u.Id=p.OwnerUserId,u.Id=c.UserId#c.CreationDate,>=,CAST('2010-08-19 09:33:49' AS DATETIME),c.CreationDate,<=,CAST('2014-08-28 06:54:21' AS DATETIME),p.PostTypeId,=,1,p.ViewCount,>=,0,p.ViewCount,<=,25597,p.CommentCount,>=,0,p.CommentCount,<=,11,p.FavoriteCount,>=,0,u.DownVotes,<=,0,u.UpVotes,>=,0,u.UpVotes,<=,123#255355807
comments as c,postLinks as pl,posts as p,users as u,badges as b#u.Id=b.UserId,u.Id=p.OwnerUserId,p.Id=c.PostId,p.Id=pl.RelatedPostId#c.CreationDate,<=,CAST('2014-09-13 20:12:15' AS DATETIME),pl.LinkTypeId,=,1,pl.CreationDate,>=,CAST('2011-09-03 21:00:10' AS DATETIME),pl.CreationDate,<=,CAST('2014-07-30 21:29:52' AS DATETIME),p.Score,>=,0,p.Score,<=,23,p.AnswerCount,>=,0,p.AnswerCount,<=,4,p.CommentCount,>=,0,p.CommentCount,<=,10,p.FavoriteCount,<=,9,p.CreationDate,>=,CAST('2010-07-22 12:17:20' AS DATETIME),p.CreationDate,<=,CAST('2014-09-12 00:27:12' AS DATETIME)#233930
tags as t,posts as p,users as u,votes as v,badges as b#u.Id=b.UserId,u.Id=p.OwnerUserId,u.Id=v.UserId,p.Id=t.ExcerptPostId#p.CommentCount,>=,0,p.CommentCount,<=,13,u.Reputation,>=,1,b.Date,<=,CAST('2014-09-06 17:33:22' AS DATETIME)#15677331
comments as c,posts as p,postLinks as pl,votes as v,badges as b,users as u#u.Id=p.OwnerUserId,p.Id=pl.RelatedPostId,p.Id=v.PostId,p.Id=c.PostId,u.Id=b.UserId#p.Score,>=,-1,p.Score,<=,14,pl.CreationDate,<=,CAST('2014-06-25 13:05:06' AS DATETIME),v.CreationDate,>=,CAST('2009-02-02 00:00:00' AS DATETIME),b.Date,>=,CAST('2010-08-04 08:50:31' AS DATETIME),b.Date,<=,CAST('2014-09-02 02:51:22' AS DATETIME),u.DownVotes,>=,0#4231593
comments as c,posts as p,postLinks as pl,postHistory as ph,votes as v,badges as b,users as u#p.Id=pl.RelatedPostId,b.UserId=u.Id,c.UserId=u.Id,p.Id=v.PostId,p.Id=c.PostId,p.Id=ph.PostId#c.Score,=,0,p.ViewCount,>=,0,p.AnswerCount,<=,5,p.CommentCount,<=,12,p.FavoriteCount,>=,0,pl.LinkTypeId,=,1,pl.CreationDate,>=,CAST('2011-02-16 20:04:50' AS DATETIME),pl.CreationDate,<=,CAST('2014-09-01 16:48:04' AS DATETIME),v.CreationDate,>=,CAST('2010-07-19 00:00:00' AS DATETIME),v.CreationDate,<=,CAST('2014-08-31 00:00:00' AS DATETIME),b.Date,>=,CAST('2010-08-06 10:36:45' AS DATETIME),b.Date,<=,CAST('2014-09-12 07:19:35' AS DATETIME)#113925678
comments as c,posts as p,postLinks as pl,postHistory as ph,votes as v,badges as b,users as u#p.Id=pl.RelatedPostId,b.UserId=u.Id,c.UserId=u.Id,p.Id=v.PostId,p.Id=c.PostId,p.Id=ph.PostId#p.Score,<=,40,p.CommentCount,>=,0,p.CreationDate,>=,CAST('2010-07-28 17:40:56' AS DATETIME),p.CreationDate,<=,CAST('2014-09-11 04:22:44' AS DATETIME),pl.LinkTypeId,=,1#312148706
comments as c,posts as p,postLinks as pl,postHistory as ph,votes as v,badges as b,users as u#p.Id=pl.RelatedPostId,b.UserId=u.Id,c.UserId=u.Id,p.Id=v.PostId,p.Id=c.PostId,p.Id=ph.PostId#c.Score,=,0,c.CreationDate,>=,CAST('2010-07-26 17:09:48' AS DATETIME),p.PostTypeId,=,1,p.AnswerCount,>=,0,p.CommentCount,>=,0,p.CommentCount,<=,14,pl.CreationDate,>=,CAST('2010-10-27 10:02:57' AS DATETIME),pl.CreationDate,<=,CAST('2014-09-04 17:23:50' AS DATETIME),ph.CreationDate,<=,CAST('2014-09-11 20:09:41' AS DATETIME),v.CreationDate,>=,CAST('2010-07-21 00:00:00' AS DATETIME),v.CreationDate,<=,CAST('2014-09-14 00:00:00' AS DATETIME)#299574955
comments as c,posts as p,postLinks as pl,postHistory as ph,votes as v,badges as b,users as u#p.Id=pl.RelatedPostId,b.UserId=u.Id,c.UserId=u.Id,p.Id=v.PostId,p.Id=c.PostId,p.Id=ph.PostId#c.CreationDate,>=,CAST('2010-08-01 19:11:47' AS DATETIME),c.CreationDate,<=,CAST('2014-09-11 13:42:51' AS DATETIME),p.AnswerCount,<=,4,p.FavoriteCount,>=,0,pl.LinkTypeId,=,1,v.VoteTypeId,=,2,v.CreationDate,<=,CAST('2014-09-10 00:00:00' AS DATETIME),b.Date,<=,CAST('2014-08-02 12:24:29' AS DATETIME)#155696936
comments as c,posts as p,postHistory as ph,votes as v,badges as b,users as u#u.Id=p.OwnerUserId,p.Id=v.PostId,p.Id=c.PostId,u.Id=b.UserId,p.Id=ph.PostId#p.AnswerCount,>=,0,p.CommentCount,>=,0,b.Date,<=,CAST('2014-09-11 21:46:02' AS DATETIME),u.Reputation,>=,1,u.Reputation,<=,642,u.DownVotes,>=,0#18762969
comments as c,posts as p,postLinks as pl,postHistory as ph,votes as v,users as u#u.Id=p.OwnerUserId,p.Id=v.PostId,p.Id=c.PostId,p.Id=pl.PostId,p.Id=ph.PostId#p.PostTypeId,=,1,p.AnswerCount,>=,0,p.CreationDate,>=,CAST('2010-07-21 15:23:53' AS DATETIME),p.CreationDate,<=,CAST('2014-09-11 23:26:14' AS DATETIME),pl.CreationDate,>=,CAST('2010-11-16 01:27:37' AS DATETIME),pl.CreationDate,<=,CAST('2014-08-21 15:25:23' AS DATETIME),ph.PostHistoryTypeId,=,5,v.CreationDate,>=,CAST('2010-07-21 00:00:00' AS DATETIME),u.UpVotes,>=,0,u.CreationDate,<=,CAST('2014-09-11 20:31:48' AS DATETIME)#436286
comments as c,posts as p,postLinks as pl,postHistory as ph,votes as v,users as u#u.Id=p.OwnerUserId,p.Id=v.PostId,p.Id=c.PostId,p.Id=pl.PostId,p.Id=ph.PostId#c.CreationDate,>=,CAST('2010-07-26 19:37:03' AS DATETIME),p.Score,>=,-2,p.CommentCount,<=,18,p.CreationDate,>=,CAST('2010-07-21 13:50:08' AS DATETIME),p.CreationDate,<=,CAST('2014-09-11 00:53:10' AS DATETIME),pl.CreationDate,<=,CAST('2014-08-05 18:27:51' AS DATETIME),ph.CreationDate,>=,CAST('2010-11-27 03:38:45' AS DATETIME),u.DownVotes,>=,0,u.UpVotes,>=,0#1570429
